itr,dist
0,25.46377677710
1,25.46041222799
2,25.45439546298
3,25.40567953778
4,25.37891434899
5,25.33105662242
